Lat,Lng,Heading,Accuracy,WaypointIndex
59.3469433626713,18.0724054109473,329.726135253906,25.0,0
59.3469433626713,18.0724054109473,313.939819335938,25.0,0
59.3469433626713,18.0724054109473,341.22412109375,25.0,0
59.3469433626713,18.0724054109473,336.141082763672,25.0,0
59.3469433626713,18.0724054109473,332.065063476562,25.0,0
59.3469433626713,18.0724054109473,260.326568603516,25.0,0
59.3469433626713,18.0724054109473,233.227584838867,25.0,0
59.3469433626713,18.0724054109473,148.748504638672,25.0,0
59.3469433626713,18.0724054109473,146.403686523438,25.0,0
59.3469433626713,18.0724054109473,149.524459838867,25.0,0
59.3469433626713,18.0724054109473,128.23811340332,25.0,0
59.3469433626713,18.0724054109473,126.075820922852,25.0,0
59.3469433626713,18.0724054109473,123.463356018066,25.0,0
59.3469433626713,18.0724054109473,122.916160583496,25.0,0
59.3469433626713,18.0724054109473,144.522583007812,25.0,0
59.3469433626713,18.0724054109473,133.483383178711,25.0,0
59.3469433626713,18.0724054109473,70.784294128418,25.0,0
59.3469433626713,18.0724054109473,59.4932670593262,25.0,0
59.3469433626713,18.0724054109473,85.5564575195312,25.0,0
59.3469433626713,18.0724054109473,96.3415679931641,25.0,0
59.3469433626713,18.0724054109473,115.566596984863,25.0,0
59.3469433626713,18.0724054109473,242.594772338867,25.0,0
59.3469433626713,18.0724054109473,192.114990234375,25.0,0
59.3469433626713,18.0724054109473,117.905143737793,25.0,0
59.3469433626713,18.0724054109473,76.4659194946289,25.0,0
59.3469433626713,18.0724054109473,106.669372558594,25.0,0
59.3469433626713,18.0724054109473,148.245559692383,25.0,0
59.3469433626713,18.0724054109473,183.343795776367,25.0,0
59.3469433626713,18.0724054109473,93.2753677368164,25.0,0
59.3469433626713,18.0724054109473,99.3813018798828,25.0,0
59.3469410576479,18.0724851228465,49.7873382568359,25.0,0
59.3469469668896,18.0725130345841,18.5181732177734,25.0,0
59.3469552230643,18.0725372582842,20.9901390075684,30.0,0
59.3469648622529,18.0725587997754,21.0141983032227,30.0,0
59.3469739985274,18.0725797545333,72.6312026977539,30.0,0
59.3469923548953,18.0726916529407,115.913352966309,35.0046563624153,0
59.3470062688546,18.0728039704432,125.985801696777,40.2410907725438,0
59.3470162014098,18.0729028769006,109.448364257812,40.7651170544271,0
59.3470246252225,18.0729949940164,101.361610412598,36.2831845436036,0
59.3470241642178,18.0730760470201,88.2839431762695,33.3179593805858,0
59.3470209371851,18.0731477122922,118.944885253906,32.0400399714344,0
59.3470034190075,18.0732006859203,188.644912719727,33.2420370382783,0
59.3469674606429,18.0732471216638,144.272171020508,35.5074104262968,0
59.3469501520128,18.073281990381,138.819244384766,25.0,0
59.346935944687,18.0733172781934,134.602172851562,25.0,0
59.3469197257043,18.073342591541,199.602279663086,25.0,0
59.3469048059167,18.0733684078027,196.78450012207,25.0,0
59.3468922749714,18.0733900331129,173.823318481445,33.8382067607218,0
59.3468830967875,18.0734104011376,132.518524169922,33.9008881353145,0
59.3468721584038,18.0734323617239,151.878631591797,32.9093783826423,0
59.3468533410312,18.0734486226161,149.76872253418,30.0,0
59.3468190590472,18.0734456051309,127.429344177246,30.0,0
59.3467991101177,18.0734330322762,134.722778320312,10.0,0
59.3467792030977,18.0734131671657,209.706268310547,10.0,0
59.3467559014068,18.073390368389,222.13264465332,10.0,0
59.3467313843401,18.0733554996718,249.003067016602,25.0,0
59.3467064062686,18.0733285099436,244.85107421875,25.0,0
59.3466803804593,18.0733021907677,204.242141723633,25.0,0
59.346661102082,18.0732762906869,226.99609375,25.0,0
59.3466384290339,18.0732496362348,234.169204711914,25.0,0
59.3466191506566,18.0732232332398,201.322952270508,25.0,0
59.3466036022262,18.0731993448158,192.00309753418,25.0,0
59.3465910293715,18.0731786415149,190.632736206055,25.0,0
59.346574097927,18.0731624644418,188.427658081055,25.0,0
59.3465751037554,18.0731599498708,186.345840454102,25.0,0
59.3465717509942,18.0731602013279,190.104476928711,25.0,0
59.3465669733094,18.0731600336899,206.90673828125,25.0,0
59.3465625309007,18.0731582734902,194.306015014648,25.0,0
59.346558004673,18.0731536634435,195.388366699219,25.0,0
59.3465566635684,18.0731487181206,224.531753540039,25.0,0
59.3465578370349,18.0731361452658,251.585891723633,25.0,0
59.3465601420583,18.0731146875937,264.179443359375,25.0,0
59.3465667218523,18.0730858538468,209.935562133789,25.0,0
59.3465714995371,18.0730569362809,274.547576904297,25.0,0
59.3465769477741,18.0730271805246,261.47509765625,25.0,0
59.3465815578209,18.0729976762254,252.432983398438,25.0,0
59.3465853296773,18.0729686748405,250.487945556641,25.0,0
59.3465884309815,18.0729364883323,262.242919921875,25.0,0
59.3465917837427,18.0729016196151,264.163818359375,25.0,0
59.3465943402232,18.0728693492879,267.180603027344,25.0,0
59.3465968128846,18.072837917151,265.160186767578,25.0,0
59.3465984892653,18.0728049762715,262.505310058594,25.0,0
59.3465994950937,18.0727761425246,259.353637695312,25.0,0
59.3465991598175,18.0727478116919,258.652648925781,25.0,0
59.3465976091654,18.0727169662882,258.983062744141,25.0,0
59.3465980701701,18.0726881325413,264.120452880859,25.0,0
59.3465995789127,18.0726616457273,263.79248046875,25.0,0
59.3466008361982,18.0726287048478,261.832672119141,25.0,0
59.3466015067504,18.0725955963303,265.091796875,25.0,0
59.3466038955928,18.0725680198689,259.7802734375,25.0,0
59.3466101820202,18.0725453887303,239.592224121094,25.0,0
59.3466151692526,18.0725191533734,235.245132446289,25.0,0
59.3466176000045,18.0724968575109,238.956573486328,25.0,0
59.3466177676426,18.0724749807437,241.335098266602,25.0,0
59.3466150854336,18.0724541936238,241.494201660156,25.0,0
59.3466103077487,18.0724359210749,240.900054931641,25.0,0
59.3466046918736,18.0724190734495,219.89892578125,25.0,1
59.3465997046412,18.0724039860238,221.084320068359,25.0,1
59.3465909455524,18.0723855458368,239.046356201172,25.0,1
59.3465797557117,18.0723655969073,231.967147827148,25.0,1
59.3465680210472,18.0723505933006,188.45539855957,25.0,1
59.3465572922112,18.0723415408452,184.485900878906,25.0,1
59.3465493294032,18.0723363440652,180.300216674805,25.0,1
59.3465394806669,18.0723320692946,201.248489379883,25.0,1
59.3465241836937,18.0723258666862,208.669952392578,25.0,1
59.3465110241057,18.0723192449827,213.420974731445,25.0,1
59.3464993732603,18.0723090190609,201.187881469727,25.0,1
59.3464872614102,18.0722952727397,198.515396118164,25.0,1
59.3464738922746,18.0722821969707,203.016906738281,25.0,1
59.3464616127865,18.0722708814014,216.369277954102,25.0,1
59.3464489980222,18.0722608231176,217.349227905273,25.0,1
59.3464356288867,18.0722467415203,215.863327026367,25.0,1
59.3464210443751,18.072230145352,221.376892089844,25.0,1
59.3464038614736,18.0722105316986,208.465286254883,25.0,1
59.3463891931431,18.0721915047784,208.12956237793,25.0,1
59.3463767460169,18.0721776746382,216.599884033203,25.0,1
59.3463635026099,18.072166694345,215.047912597656,25.0,1
59.3463477865414,18.0721567198802,203.904663085938,25.0,1
59.3463326572062,18.0721485894342,201.894729614258,25.0,1
59.3463143846573,18.0721406266262,213.081268310547,25.0,1
59.3462973693938,18.0721329152752,196.653213500977,25.0,1
59.3462794740306,18.0721267126669,236.825317382812,25.0,1
59.3462606566579,18.0721238628198,248.477935791016,25.0,1
59.3462420069234,18.0721247848292,214.744781494141,25.0,1
59.3462253269361,18.0721209291537,205.443771362305,25.0,1
59.3462113291578,18.0721148103644,211.411590576172,25.0,1
59.3461956130893,18.072097962739,254.784393310547,25.0,1
59.3461780949117,18.0720827076752,203.589416503906,25.0,1
59.3461619597481,18.0720707215537,197.578384399414,25.0,1
59.3461478781508,18.0720620043744,200.650115966797,25.0,1
59.346136604491,18.0720553826709,210.104782104492,25.0,1
59.3461271329404,18.0720485095103,210.922485351562,25.0,1
59.346116697471,18.0720498506148,219.222900390625,25.0,1
59.3461056752683,18.0720552988519,230.85823059082,25.0,1
59.3460925575898,18.0720550473948,228.852249145508,25.0,1
59.3460822059394,18.072047838958,183.509262084961,25.0,1
59.3460719800176,18.0720395408739,169.037490844727,25.0,1
59.3460620893718,18.0720279738475,185.068313598633,5.0,1
59.3460524082736,18.0720165744592,189.019638061523,5.0,2
59.3460379075812,18.0720078572799,182.027969360352,5.0,2
59.3460205570416,18.07199486533,186.980987548828,5.0,2
59.3460075650917,18.0719845555891,153.646697998047,5.0,2
59.3459972134413,18.0719776824285,131.997863769531,25.0,2
59.3459851435007,18.0719720665534,133.222076416016,25.0,2
59.345971439089,18.0719706416298,146.579620361328,25.0,2
59.345958279501,18.0719723180105,145.605163574219,25.0,2
59.3459447008179,18.0719759222288,126.663383483887,25.0,2
59.3459296972112,18.0719838850368,119.881652832031,25.0,2
59.3459156575234,18.0719969608058,122.105445861816,25.0,2
59.3459037133114,18.0720137246121,123.848335266113,25.0,2
59.3458935712085,18.0720356851984,128.681930541992,25.0,2
59.3458839320199,18.0720569752325,114.207931518555,25.0,2
59.345873706098,18.0720773432572,119.01717376709,25.0,2
59.3458632706286,18.0721000582148,129.52995300293,25.0,2
59.3458519550593,18.0721246171911,135.13688659668,25.0,2
59.3458404299424,18.0721470806916,143.49153137207,25.0,2
59.3458294496493,18.0721702147444,115.745994567871,25.0,2
59.3458196428226,18.0721899122168,121.833709716797,25.0,2
59.3458117219241,18.0722109507938,131.033187866211,5.0,2
59.3458031304733,18.0722323246469,134.976715087891,5.0,2
59.3457933236466,18.0722501781006,126.203880310059,5.0,2
59.345782552901,18.0722674448211,106.782928466797,25.0,2
59.3457722012506,18.0722894892265,52.7622718811035,25.0,2
59.3457632745237,18.0723105278034,352.124237060547,25.0,2
59.3457556889014,18.0723272916098,321.629638671875,25.0,2
59.3457488157408,18.0723459832539,104.341117858887,25.0,2
59.3457393022807,18.0723655969073,146.341445922852,25.0,2
59.3457305851014,18.072380768152,278.838836669922,25.0,2
59.3457238376693,18.0723908264358,328.962127685547,25.0,2
59.3457188923465,18.0723986216058,294.240142822266,25.0,2
59.3457113486336,18.0724127032031,153.385635375977,25.0,2
59.3457013322593,18.0724304728378,132.05500793457,25.0,2
59.3456923636229,18.07244933212,125.270195007324,25.0,2
59.3456835207151,18.0724689457734,115.728256225586,25.0,2
59.345674091074,18.0724878050555,121.699508666992,25.0,2
59.3456671760039,18.0725050717761,120.093688964844,25.0,2
59.3456606800289,18.0725304689427,114.197257995605,25.0,2
59.3456544774206,18.0725589674134,116.54029083252,25.0,2
59.3456478557171,18.0725862924178,102.11589050293,25.0,2
59.3456385518046,18.0726164672692,97.9324111938477,25.0,2
59.3456280744256,18.0726467259397,129.347366333008,25.0,2
59.3456190219702,18.0726753082295,122.88321685791,25.0,2
59.3456123583571,18.0726976040919,122.177955627441,25.0,2
59.3456041021825,18.0727194808592,128.782974243164,25.0,2
59.3455918646039,18.0727416090836,144.415466308594,25.0,2
59.3455787050159,18.0727611389179,146.28645324707,25.0,3
59.3455679761799,18.0727810878475,140.815933227539,25.0,3
59.3455574568914,18.0727998633106,152.522903442383,25.0,3
59.3455473147885,18.072811597975,209.465774536133,25.0,3
59.3455379689665,18.0728224106301,106.235527038574,25.0,3
59.3455319339962,18.0728415213694,84.0861511230469,25.0,3
59.3455277430446,18.0728686787356,34.6913909912109,25.0,3
59.3455211213411,18.0728995241393,123.662139892578,25.0,3
59.3455126975284,18.0729283578862,131.293228149414,25.0,3
59.3455020525114,18.072951659577,162.76741027832,25.0,3
59.3454913236753,18.0729752127249,103.909645080566,25.0,3
59.3454832351388,18.0729968380351,92.9482421875,25.0,3
59.3454832351388,18.0729968380351,39.4766616821289,25.0,3
59.3454817263962,18.0730114225466,55.9328727722168,25.0,3
59.3454860011668,18.0730136856605,111.455741882324,25.0,3
59.3454907788516,18.0730180442502,123.886032104492,25.0,3
59.3454912398563,18.0730234924872,214.257308959961,25.0,3
59.3454912398563,18.0730234924872,179.716156005859,25.0,3
59.3454887671949,18.0730303656478,108.580589294434,25.0,3
59.3454845343338,18.0730358138849,111.124565124512,25.0,3
59.3454805110203,18.073041345941,61.5526351928711,25.0,3
59.3454805110203,18.073041345941,43.9660797119141,25.0,3
59.3454805110203,18.073041345941,98.8411865234375,25.0,3
59.3454805110203,18.073041345941,106.512138366699,25.0,3
59.3454805110203,18.073041345941,151.215713500977,25.0,3
59.3454805110203,18.073041345941,109.403060913086,25.0,3
59.3454805110203,18.073041345941,203.644058227539,25.0,3
59.3454805110203,18.073041345941,109.358665466309,25.0,3
59.3454805110203,18.073041345941,113.850395202637,25.0,3
59.3454651721375,18.0730721075256,110.202919006348,25.0,3
59.3454566225962,18.0731012765486,110.114570617676,25.0,3
59.3454488693358,18.0731322895904,108.570350646973,25.0,3
59.3454407388897,18.0731581896712,110.390464782715,25.0,3
59.3454332789959,18.0731849279423,80.3435516357422,25.0,3
59.3454271602066,18.0732101574708,102.487480163574,25.0,3
59.3454199098603,18.0732356384565,113.189895629883,25.0,3
59.3454128271521,18.0732610356231,111.087860107422,25.0,3
59.3454047805251,18.0732850078662,113.35181427002,25.0,3
59.3453961471648,18.0733128357847,115.491157531738,25.0,3
59.3453899445565,18.0733342934568,113.183265686035,25.0,3
59.3453858793334,18.0733494647016,118.485069274902,25.0,3
59.345380808282,18.0733714252879,117.319641113281,25.0,3
59.3453770364256,18.0733952298929,122.028915405273,5.0,3
59.3453733064787,18.0734148435463,137.254898071289,5.0,3
59.3453679001511,18.0734345410187,118.63298034668,5.0,3
59.3453590991528,18.073456333967,116.798187255859,5.0,3
59.3453484960453,18.0734816473146,117.387001037598,25.0,3
59.3453380186663,18.0735128279944,118.748275756836,25.0,3
59.3453296367632,18.0735420808364,123.193824768066,25.0,3
59.3453217158647,18.0735682323743,122.637733459473,5.0,3
59.3453123700426,18.0736021790822,112.199935913086,5.0,3
59.3453062093438,18.0736301746388,103.191390991211,5.0,3
59.3453044491441,18.0736531410535,106.800483703613,5.0,3
59.345301515478,18.0736805498768,110.334854125977,5.0,3
59.3452980788977,18.0737066175957,107.573768615723,5.0,3
59.3452928821178,18.0737287458201,123.625541687012,5.0,3
59.3452852126764,18.0737493653019,125.234115600586,5.0,3
59.3452757830353,18.0737651232798,114.698295593262,5.0,3
59.3452676944987,18.0737808812578,131.624282836914,5.0,3
59.3452584324957,18.0738008301873,132.031921386719,5.0,3
59.3452507630543,18.0738205276598,132.354629516602,5.0,3
59.3452439318032,18.07383955458,128.28678894043,5.0,3
59.3452389864804,18.0738534685393,126.603187561035,5.0,3
59.3452308141248,18.0738716572691,121.944725036621,5.0,3
59.3452205882029,18.0738931987603,117.497436523438,10.0,3
59.3452120805712,18.073916332813,123.401298522949,10.0,3
59.345204914044,18.0739417299797,120.069183349609,5.0,3
59.3452003878163,18.0739609245379,111.730285644531,5.0,3
59.3451955263124,18.0739802029152,129.842224121094,25.0,3
59.3451879825996,18.0740097072144,143.660858154297,25.0,3
59.3451809418009,18.0740372836758,115.696571350098,25.0,3
59.3451750325592,18.0740693025459,115.25708770752,25.0,3
59.3451690394984,18.0741104576905,115.035781860352,25.0,3
59.3451639265375,18.0741510261019,120.974990844727,25.0,4
59.3451581430243,18.074185811,120.758422851562,25.0,4
59.3451513955922,18.0742167402227,113.165168762207,25.0,4
59.345144145246,18.0742493458261,114.551124572754,25.0,4
59.3451355118857,18.0742832087149,119.402542114258,25.0,4
59.3451280939014,18.0743110366334,118.18285369873,25.0,4
59.3451210531027,18.0743348412384,117.545761108398,25.0,4
59.3451135512994,18.074360322224,125.165473937988,25.0,4
59.3451070134149,18.0743881501426,127.260383605957,25.0,4
59.3451040797488,18.0744141340424,121.059272766113,25.0,4
59.3451023195492,18.0744332447816,151.6240234375,25.0,4
59.3450973323168,18.0744543671776,116.202903747559,25.0,4
59.3450876931281,18.0744801834394,189.04475402832,25.0,4
59.34507801203,18.0745100230147,190.265411376953,25.0,4
59.3450720189692,18.0745382700284,238.636978149414,25.0,4
59.3450682471128,18.0745666008611,135.985916137695,25.0,4
59.345063637066,18.0745937582274,54.7648086547852,25.0,4
59.3450615834997,18.074608678015,324.964691162109,25.0,4
59.3450605776714,18.0746148806234,274.747375488281,25.0,4
59.3450544169725,18.074619155394,183.763854980469,25.0,4
59.3450475438119,18.0746304709633,100.873725891113,25.0,4
59.3450425984891,18.0746494978835,108.235153198242,25.0,4
59.3450375274376,18.0746712908317,113.108924865723,25.0,4
59.3450350547762,18.0747015495022,112.055839538574,25.0,4
59.3450324982957,18.0747325625439,113.628730773926,25.0,4
59.3450307380961,18.0747598037292,115.432418823242,25.0,4
59.3450273853348,18.0747888889332,124.167007446289,25.0,4
59.3450235296593,18.0748184770514,120.114418029785,25.0,4
59.3450195482553,18.0748479813506,118.300338745117,25.0,4
59.3450148543896,18.0748772341926,118.031150817871,25.0,4
59.3450075202243,18.0749076605011,111.399993896484,25.0,4
59.3449996412353,18.0749354046006,112.045310974121,25.0,4
59.3449931033508,18.0749577004631,120.851058959961,25.0,4
59.3449863559188,18.0749849416484,117.022605895996,25.0,4
59.344979063663,18.075012937205,124.150024414062,25.0,4
59.3449712684931,18.0750359036197,122.055168151855,25.0,4
59.344961838852,18.0750695988704,120.628005981445,25.0,4
59.3449516548396,18.0751052219589,116.915115356445,25.0,4
59.3449418899225,18.0751403421332,111.436958312988,25.0,4
59.3449317478196,18.0751785636117,113.828804016113,25.0,4
59.3449220248119,18.0752144381572,112.311363220215,25.0,4
59.3449136848183,18.0752491392364,121.245574951172,25.0,4
59.3449064763816,18.0752865225245,129.962158203125,25.0,4
59.3449005252303,18.0753178708424,111.827545166016,25.0,4
59.3448952865408,18.0753449443896,123.096733093262,25.0,4
59.3448887486563,18.0753710959275,114.404426574707,25.0,4
59.3448797381104,18.0754054617305,121.47265625,25.0,4
59.3448705180169,18.0754406657238,121.85408782959,25.0,4
59.3448637705849,18.0754717625846,124.349487304688,25.0,4
59.3448570231528,18.0755005125125,125.188659667969,25.0,4
59.3448497308971,18.07553102264,126.957328796387,25.0,4
59.3448423967318,18.0755645502527,121.520217895508,5.0,4
59.344835104476,18.0756001733412,115.6337890625,25.0,4
59.344827141668,18.0756335333158,117.068740844727,25.0,4
59.34481917886,18.0756637919863,118.030151367188,5.0,4
59.3448133953468,18.0756891891529,110.571380615234,5.0,4
59.3448081147478,18.0757125746627,114.781631469727,5.0,4
59.3448014930443,18.07573445143,116.734375,5.0,4
59.3447911833034,18.0757716670801,117.514976501465,5.0,4
59.3447822984861,18.0757945496757,122.420791625977,5.0,4
59.3447758444206,18.0758130736817,116.713523864746,5.0,4
59.3447687198029,18.0758338608016,111.628349304199,5.0,4
59.3447615113662,18.0758537259121,122.265144348145,5.0,4
59.3447549315722,18.0758748483081,130.465042114258,5.0,4
59.3447489385114,18.0758963059802,131.561477661133,5.0,4
59.3447421910794,18.075922206061,132.173782348633,5.0,4
59.3447347311856,18.0759528838266,122.517021179199,25.0,4
59.3447285704867,18.0759736709465,126.824317932129,25.0,4
59.3447239185305,18.075990937667,98.7462005615234,5.0,4
59.3447198533074,18.0760088749398,97.7147369384766,5.0,4
59.344715997632,18.0760244652797,117.640747070312,5.0,4
59.3447128125088,18.0760407261719,111.156280517578,5.0,4
59.3447084958286,18.0760600883682,111.87606048584,5.0,4
59.3447023351298,18.0760852340777,110.276252746582,5.0,4
59.3446959229739,18.0761126429011,114.98991394043,5.0,4
59.3446900975512,18.0761396326293,133.306060791016,5.0,5
59.344684397857,18.0761620961298,124.974128723145,25.0,5
59.344679033439,18.0761833023448,123.94116973877,25.0,5
59.3446732918353,18.0762018263508,131.645324707031,25.0,5
59.3446683465124,18.0762202665378,88.1956329345703,25.0,5
59.3446676759602,18.0762434844096,346.686187744141,25.0,5
59.3446713639976,18.0762565601785,359.558471679688,25.0,5
59.3446767703251,18.0762651097198,68.1567916870117,25.0,5
59.3446803745435,18.07627374308,77.5515823364258,25.0,5
59.3446805421816,18.076286818849,81.3083419799805,25.0,5
59.3446805421816,18.0763034150173,69.8746109008789,25.0,5
59.3446806260006,18.0763176642527,3.2638635635376,5.0,5
59.3446801649959,18.0763260461558,309.434509277344,5.0,5
59.3446828472049,18.076326381432,299.862091064453,5.0,5
59.344688211623,18.0763174127956,351.527130126953,5.0,5
59.3446878763468,18.0762982182373,340.0615234375,5.0,5
59.3446866609709,18.0762803647835,316.180847167969,5.0,5
59.3446875410707,18.0762620084156,331.916961669922,5.0,5
59.3446972221689,18.0762444064189,5.1996545791626,5.0,5
59.3447109684901,18.0762355216016,9.21153163909912,5.0,5
59.3447256787301,18.0762309115548,352.329010009766,25.0,5
59.3447443703742,18.0762294028123,354.331420898438,5.0,5
59.3447625171946,18.0762262176891,349.822906494141,5.0,5
59.3447802449198,18.0762237869371,355.672424316406,5.0,5
59.3447950389789,18.0762223620136,355.766326904297,5.0,5
59.3448079890193,18.0762210209091,336.575958251953,5.0,5
59.3448199332313,18.0762190930714,359.957214355469,5.0,5
59.3448357750283,18.0762138962914,332.810363769531,10.0,5
59.3448485155211,18.0762032512744,329.757202148438,5.0,5
59.3448608369188,18.0761910136957,344.740417480469,25.0,6
59.3448729906784,18.0761856492777,63.8511009216309,25.0,6
59.3448844738857,18.0761949531902,94.519157409668,25.0,6
59.3448926043318,18.076215572672,118.929397583008,25.0,6
59.3448993098543,18.0762377008964,53.7537002563477,25.0,6
59.3449046323629,18.0762570630927,351.789001464844,25.0,6
59.3449138524563,18.07627634147,24.8158226013184,25.0,6
59.3449276406871,18.0762962903996,26.8961067199707,25.0,6
59.3449429376603,18.0763160716911,34.7706527709961,25.0,6
59.3449589470954,18.0763357691635,32.8753509521484,25.0,6
59.3449757528113,18.0763536226173,12.5652122497559,25.0,6
59.3449911755131,18.0763701349665,24.4066963195801,25.0,6
59.3450055085675,18.0763895809819,58.3294105529785,25.0,6
59.3450200511695,18.0764081888069,9.18347930908203,25.0,6
59.345034551862,18.0764275510032,26.7836761474609,25.0,6
59.3450496811972,18.0764438957144,9.31483459472656,25.0,6
59.3450633017899,18.0764600727875,26.5158996582031,25.0,6
59.3450784730346,18.0764768365939,25.6929626464844,25.0,6
59.3450946081982,18.0764932651241,26.3801612854004,25.0,6
59.3451086897956,18.0765109509398,27.9657669067383,25.0,6
59.3451214721979,18.0765287205745,22.539493560791,25.0,6
59.345136266257,18.0765454843809,24.1057624816895,25.0,6
59.3451516889588,18.0765618290921,356.949920654297,25.0,6
59.3451655610086,18.0765757430513,56.9531326293945,25.0,6
59.3451794330583,18.0765892379154,61.3991737365723,25.0,6
59.3451937242032,18.0766018945892,25.4600486755371,25.0,6
59.3452084344433,18.0766150541772,20.8462982177734,25.0,7
59.3452230189548,18.07662779467,54.5844650268555,25.0,7
59.3452358432667,18.0766399484296,60.7025146484375,25.0,7
59.3452429259749,18.0766507610847,120.80590057373,25.0,7
59.3452429259749,18.0766507610847,125.897796630859,25.0,7
59.3452429259749,18.0766507610847,99.6019668579102,25.0,7
59.3452429259749,18.0766507610847,92.0140686035156,25.0,7
59.3452443928079,18.0766654294153,58.411376953125,25.0,7
59.3452492962213,18.0766733084042,30.4842681884766,25.0,7
59.3452550378249,18.0766841210593,80.7227630615234,25.0,7
59.3452583067672,18.0767032317986,87.1180953979492,25.0,7
59.3452580134006,18.0767337419261,89.0670394897461,25.0,7
59.3452579295815,18.076765090244,99.2342910766602,25.0,7
59.3452562532009,18.0767893139441,93.3860855102539,25.0,7
59.3452554569201,18.0768077541311,95.3039398193359,25.0,7
59.3452535709919,18.0768274516036,100.46541595459,25.0,7
59.345251224059,18.0768494960089,100.377029418945,25.0,7
59.3452474102931,18.0768657569011,121.141983032227,25.0,7
59.3452448119031,18.076884113269,125.148155212402,25.0,7
59.3452404114039,18.0769033078273,103.978660583496,25.0,7
59.3452348374383,18.0769233405758,97.3635711669922,25.0,7
59.3452303531201,18.0769471451808,87.4082107543945,25.0,7
59.3452271679969,18.0769751407374,77.7856674194336,25.0,8
59.3452245276974,18.0770040583034,72.1216049194336,25.0,8
59.3452251144306,18.0770318024029,36.4668350219727,25.0,8
59.3452293472917,18.0770546849985,36.212760925293,25.0,8
59.3452383578376,18.0770765617658,32.6085090637207,25.0,8
59.3452501344116,18.0770980194379,29.9138221740723,25.0,8
59.3452620786236,18.0771186389197,29.8678779602051,25.0,8
59.3452750705735,18.077140348049,18.8195953369141,25.0,8
59.3452881463425,18.0771599617024,37.2362022399902,25.0,8
59.3453007191972,18.0771799106319,40.5327072143555,25.0,8
59.3453131663234,18.0772019550373,27.6837425231934,25.0,8
59.3453250267164,18.0772224907,25.5957717895508,25.0,8
59.3453373481141,18.0772414338012,42.6388549804688,25.0,8
59.3453494180547,18.0772590357979,35.0331420898438,25.0,8
59.3453642540233,18.0772759672423,30.9715614318848,25.0,8
59.3453812692867,18.0772926472296,41.5214157104492,25.0,8
59.3453969853552,18.0773099977691,48.9468154907227,25.0,8
59.345411025043,18.0773285217752,33.0382690429688,25.0,8
59.3454243103595,18.0773461237718,16.8591480255127,25.0,8
59.3454380147712,18.0773648992349,32.9169006347656,25.0,8
59.345450755264,18.0773837585171,44.8767738342285,25.0,8
59.3454617774667,18.0774012766947,36.5210151672363,25.0,8
59.3454732187645,18.0774193816055,28.5869483947754,25.0,8
59.345485037248,18.0774401687254,31.9059906005859,25.0,8
59.345495682265,18.0774588603695,34.4213829040527,5.0,8
59.345507542658,18.0774770490994,39.7238082885742,5.0,8
59.3455210794316,18.077497333305,33.8043899536133,5.0,8
59.3455366697715,18.0775161087681,42.9003562927246,5.0,8
59.3455521343829,18.0775327049364,37.2020721435547,5.0,8
59.345565629247,18.0775472894479,44.4541015625,5.0,8
59.3455784116493,18.0775612034072,33.2198028564453,5.0,8
59.3455911940516,18.0775772966613,31.4997673034668,5.0,8
59.3456033897208,18.0775942281057,34.6377868652344,5.0,8
59.3456142861949,18.0776125844736,33.0119972229004,5.0,8
59.3456235481979,18.0776280909945,34.9824752807617,5.0,8
59.345631678644,18.0776411667635,28.8917427062988,5.0,8
59.3456417369278,18.0776586849411,27.2077903747559,5.0,8
59.3456513342069,18.0776767060329,17.8726997375488,5.0,8
59.3456598418386,18.0776923801918,20.4688205718994,5.0,8
59.3456677627371,18.0777109880169,18.7703971862793,5.0,8
59.3456772761972,18.0777294282038,25.3303260803223,5.0,8
59.3456895137758,18.0777467787434,22.8660049438477,25.0,8
59.3456995301501,18.0777622014452,15.4980754852295,25.0,8
59.3457100075291,18.0777770374139,41.065299987793,25.0,8
59.3457212811889,18.0777924601157,46.6771354675293,25.0,8
59.3457315909298,18.0778077989985,27.9417343139648,25.0,8
59.3457449600653,18.077825065719,29.5893135070801,25.0,8
59.3457558565394,18.077843589725,38.7735710144043,25.0,8
59.3457671301992,18.0778604373504,35.7385520935059,25.0,8
59.3457781943114,18.0778795480897,31.1368560791016,25.0,8
59.3457885878713,18.0778993293811,30.6379508972168,25.0,8
59.3457998196216,18.0779184401204,45.6152534484863,25.0,8
59.3458114285575,18.077938640507,37.4343070983887,25.0,8
59.3458249234216,18.0779580865224,24.043285369873,25.0,8
59.3458407233091,18.0779758561571,17.0174331665039,25.0,8
59.3458557269157,18.0779921170492,47.2328643798828,25.0,8
59.3458686350466,18.0780088808556,45.862606048584,25.0,8
59.3458803278015,18.0780292488803,42.9036598205566,25.0,8
59.3458915595518,18.0780482758005,31.4955215454102,25.0,8
59.3459038390399,18.0780650396068,27.9967308044434,5.0,8
59.3459188845561,18.0780820548703,27.1333808898926,5.0,8
59.3459361931862,18.0780962202866,24.5907554626465,5.0,8
59.3459531665401,18.0781084578653,24.9154434204102,5.0,8
59.3459678348706,18.0781200248916,18.4968318939209,5.0,8
59.3459804915444,18.0781377945264,38.0712432861328,5.0,8
59.3459917652042,18.0781591683795,12.3250875473022,5.0,8
59.3460031645925,18.0781787820329,22.1811485290527,5.0,8
59.346014983076,18.0781930312683,39.6770439147949,5.0,9
59.3460265920119,18.0782052688469,34.9751243591309,5.0,9
59.3460408831568,18.0782199371774,43.6628074645996,5.0,9
59.3460540427448,18.0782359466125,28.0059356689453,5.0,9
59.3460635142954,18.0782474298199,354.394165039062,5.0,9
59.346073069665,18.0782575719227,314.164306640625,5.0,9
59.3460858939768,18.0782647803594,323.887054443359,5.0,9
59.3460960360797,18.0782681331207,326.914794921875,5.0,9
59.3461057171778,18.0782669596542,312.653961181641,5.0,9
59.3461191701324,18.0782600864936,305.832946777344,5.0,9
59.3461343832867,18.0782472621818,312.745788574219,5.0,9
59.3461482553364,18.078231923299,328.505004882812,5.0,9
59.3461615825625,18.0782121420075,310.835296630859,5.0,9
59.3461728562222,18.0781942047347,326.622650146484,5.0,9
59.3461837526963,18.0781776923855,322.469940185547,5.0,9
59.3461971218319,18.0781647004355,313.219482421875,5.0,9
59.3462095270486,18.0781536363234,312.848358154297,5.0,9
59.3462217646272,18.0781416502018,310.635559082031,5.0,9
59.3462309428112,18.0781142413785,308.254211425781,5.0,9
59.3462378997908,18.0780806299467,305.289306640625,5.0,9
59.3462433899374,18.0780525505711,306.123718261719,5.0,9
59.3462512270169,18.0780279915948,310.876586914062,25.0,10
59.3462590221868,18.0780057795514,311.547454833984,25.0,10
59.3462704634847,18.0779934581538,317.109466552734,25.0,10
59.3462834973441,18.0779881775548,325.342712402344,25.0,10
59.3462946871848,18.0779890157451,321.231750488281,25.0,10
59.3463091040583,18.0779956374486,318.249725341797,25.0,10
59.3463227665604,18.0780027620663,326.324432373047,25.0,10
59.3463360937865,18.0780063662846,292.013977050781,25.0,10
59.3463502592029,18.0780113116075,303.116577148438,25.0,10
59.3463632511528,18.0780149158259,298.560424804688,25.0,10
59.3463782547594,18.0780202802439,305.606964111328,25.0,10
59.3463999219791,18.0780256446619,299.186553955078,25.0,10
59.3464160990523,18.0780263152142,296.061889648438,25.0,10
59.3464254867838,18.0780147481878,297.701446533203,25.0,10
59.3464359222533,18.0779883451928,354.812744140625,25.0,10
59.3464462739037,18.077951883914,294.83251953125,25.0,10
59.3464504648553,18.0779139138927,338.734039306641,25.0,10
59.3464552844496,18.0778737645765,316.593322753906,25.0,10
59.3464625347958,18.0778325256129,297.678131103516,25.0,10
59.3464684859471,18.0777928792109,301.011169433594,25.0,10
59.3464720482559,18.0777559988369,302.635223388672,25.0,10
59.3464756524743,18.0777161847968,301.581970214844,25.0,10
59.3464806397067,18.0776736047287,300.325012207031,25.0,10
59.3464866327675,18.0776368919928,298.105407714844,25.0,10
59.3464943860279,18.0776070524175,297.674194335938,25.0,10
59.3465020135598,18.0775741953571,305.582946777344,25.0,10
59.3465086352633,18.0775487143715,311.521240234375,25.0,10
59.3465142511384,18.0775255803187,349.735809326172,25.0,10
59.3465182744519,18.077499847876,333.415618896484,25.0,10
59.3465245189698,18.0774704273958,339.228057861328,25.0,10
59.3465310568543,18.0774383247067,345.896575927734,25.0,10
59.3465398578526,18.0774043779989,350.859924316406,25.0,10
59.3465490360366,18.0773733649571,318.173309326172,25.0,10
59.3465571664826,18.0773527454753,266.154937744141,25.0,10
59.3465659255715,18.0773309525271,306.242126464844,25.0,10
59.3465748522983,18.0773052200843,56.9657707214355,25.0,10
59.3465803843544,18.0772770568897,304.532897949219,25.0,10
59.3465825636492,18.0772446189244,297.482635498047,25.0,10
59.3465870060579,18.0772060621698,295.427001953125,25.0,10
59.3465931667568,18.0771652423014,304.872253417969,25.0,10
59.346599117908,18.07712987067,285.563812255859,25.0,10
59.3466066197114,18.0770951695909,285.06298828125,25.0,10
59.3466149177955,18.0770578701217,283.106689453125,25.0,10
59.3466211204038,18.0770219117571,276.087341308594,25.0,10
59.346626736279,18.0769887194206,272.480438232422,25.0,10
59.3466309272305,18.0769558623601,287.102996826172,25.0,10
59.3466350762726,18.0769252684136,316.036865234375,25.0,10
59.3466372555674,18.0768960155715,300.229888916016,25.0,10
59.3466432067187,18.0768643319775,299.608093261719,25.0,10
59.346649409327,18.0768287927081,302.924835205078,25.0,10
59.3466551090212,18.0767930019815,328.714080810547,25.0,10
59.3466686457948,18.0767528526653,307.428375244141,25.0,10
59.3466802547307,18.0767162237485,289.472747802734,25.0,10
59.3466877146245,18.0766920838673,289.586181640625,25.0,10
59.3466946716042,18.0766650103201,291.464965820312,25.0,10
59.3467018800409,18.076635673659,287.585327148438,25.0,10
59.3467070768209,18.0766054988076,292.169097900391,25.0,11
59.3467131537007,18.0765744857658,298.159881591797,25.0,11
59.3467177218379,18.0765468254854,4.96476078033447,25.0,11
59.3467225833417,18.076519332843,285.183715820312,25.0,11
59.3467235891701,18.0764920078386,244.965698242188,25.0,11
59.346724553089,18.0764600727875,337.277313232422,25.0,11
59.3467268581123,18.0764293112029,290.706604003906,25.0,11
59.3467294145928,18.0764019023795,288.021911621094,25.0,11
59.3467318034352,18.0763744935562,285.470428466797,25.0,11
59.3467336893634,18.0763457436283,290.194396972656,25.0,11
59.3467354076536,18.0763102881779,291.752593994141,25.0,11
59.3467366230295,18.0762766767462,279.245574951172,25.0,11
59.346740394886,18.0762474239041,283.410186767578,5.0,11
59.346744460109,18.076212806644,282.741577148438,5.0,12
59.3467461783992,18.0761772673745,283.454010009766,5.0,12
59.3467445020185,18.0761405546386,283.25537109375,25.0,12
59.3467424903618,18.0761066079308,319.497192382812,25.0,12
59.3467416521714,18.0760794505645,1.6730432510376,25.0,12
59.3467439571948,18.0760619323869,2.20996952056885,25.0,12
59.3467487348796,18.0760469287802,295.595092773438,25.0,12
59.3467518361838,18.0760353617538,258.8935546875,25.0,12
59.3467552727641,18.0760275665839,1.15854740142822,25.0,12
59.3467585417063,18.0760268960316,37.2331886291504,25.0,12
59.3467607629107,18.0760201066901,329.139739990234,25.0,12
59.3467655405955,18.0760049354453,317.410217285156,25.0,12
59.3467727490322,18.0759896803816,338.055084228516,25.0,12
59.346778742093,18.0759781971742,323.747039794922,25.0,12
59.3467838969634,18.0759673007001,345.338134765625,25.0,12
59.346789470929,18.0759554822166,337.250335693359,25.0,12
59.3467980623798,18.0759437475522,341.815765380859,25.0,12
59.3468097132252,18.075927319022,327.94091796875,25.0,12
59.3468220346229,18.0759101361205,332.280792236328,25.0,12
59.3468310451688,18.0758999940176,3.4191370010376,25.0,12
59.3468411872716,18.0758919473906,353.091979980469,25.0,12
59.3468547240452,18.0758843198587,329.530883789062,25.0,12
59.3468693504663,18.0758765246887,338.006591796875,25.0,12
59.3468840607063,18.0758704058994,31.1584243774414,25.0,12
59.3468947476329,18.0758658796717,52.5387306213379,25.0,12
59.3469004054175,18.0758631974627,37.5208473205566,25.0,13
59.3469045544596,18.0758660473098,34.3589477539062,25.0,13
59.3469124753581,18.0758770276029,47.1313285827637,25.0,13
59.3469214439945,18.0758940428664,344.092315673828,25.0,13
59.3469263893173,18.075903682055,279.69189453125,25.0,13
59.3469282752456,18.075898317637,271.605255126953,25.0,13
59.3469282752456,18.0758813861926,287.141204833984,25.0,13
59.346928065698,18.0758605990727,296.042907714844,25.0,13
59.346930831726,18.075837548839,250.743362426758,25.0,13
59.3469364895107,18.075813660415,280.889831542969,25.0,13
59.346942692119,18.0757864192297,268.575897216797,25.0,13
59.3469480984466,18.0757592618634,266.399291992188,25.0,13
59.3469514092983,18.0757326074113,249.22087097168,25.0,13
59.3469506130175,18.0757058691402,246.690811157227,25.0,13
59.3469488947274,18.0756720062514,245.626998901367,25.0,13
59.3469446618663,18.0756351258774,240.186508178711,25.0,13
59.3469375791581,18.0755995027889,241.965484619141,25.0,13
59.346929364893,18.0755695793946,238.910217285156,25.0,13
59.3469201447995,18.0755430925806,244.629409790039,25.0,13
59.3469112599821,18.0755126662721,253.537826538086,25.0,13
59.3469024589838,18.0754819885065,253.799880981445,25.0,13
59.346893783714,18.075451646017,255.875915527344,25.0,13
59.3468883354769,18.0754286796023,279.22900390625,25.0,13
59.3468850246252,18.0754101555963,257.325897216797,25.0,13
59.3468810013117,18.0753847584297,254.799285888672,25.0,13
59.3468769360886,18.0753550026734,248.474227905273,25.0,13
59.3468743796082,18.0753280129452,247.675689697266,25.0,13
59.3468723679514,18.0753006041218,237.813369750977,25.0,13
59.346872745137,18.0752850137819,236.191955566406,25.0,13
59.3468720326753,18.0752672441472,245.636779785156,25.0,13
59.3468681350903,18.0752407573332,250.684860229492,25.0,13
59.3468628125818,18.0752140190621,257.97607421875,25.0,13
59.3468573643447,18.0751902144571,256.540161132812,25.0,13
59.3468504073651,18.0751648172904,252.654968261719,25.0,13
59.3468445400329,18.0751376599242,247.191833496094,25.0,13
59.3468365353153,18.0751068983395,243.457443237305,25.0,13
59.3468296202452,18.0750771425833,241.776504516602,25.0,13
59.3468192685948,18.0750442017038,238.331130981445,25.0,13
59.3468090845825,18.0750137753953,233.008682250977,25.0,13
59.3467983976559,18.0749868694861,246.415542602539,25.0,13
59.3467885489197,18.0749612208624,249.292861938477,25.0,13
59.3467799993785,18.0749312974681,259.482147216797,25.0,13
59.346774844508,18.0749017093499,259.320587158203,25.0,13
59.3467720365704,18.0748802516778,254.800552368164,25.0,13
59.3467698153661,18.0748620629479,248.323623657227,25.0,13
59.3467689771758,18.0748397670855,242.841857910156,25.0,13
59.3467683904426,18.0748214107175,240.099761962891,25.0,13
59.346766797881,18.0747998692264,234.58186340332,25.0,13
59.3467679294379,18.074777657183,231.848892211914,25.0,13
59.3467673846142,18.0747632403095,234.963424682617,25.0,13
59.3467679294379,18.0747473985125,242.677307128906,25.0,13
59.3467644509481,18.0747230909933,250.335357666016,25.0,13
59.3467564881401,18.0746960174461,254.457824707031,25.0,13
59.3467484834225,18.0746722128411,253.540390014648,25.0,13
59.346740394886,18.0746479053219,246.833312988281,25.0,13
59.3467320968018,18.0746209155936,251.308135986328,25.0,13
59.3467242178128,18.0745964404364,254.935043334961,25.0,13
59.3467183504806,18.0745728872885,254.361129760742,25.0,13
59.3467149977194,18.0745495855977,255.445129394531,25.0,13
59.3467125250579,18.0745268706401,227.668167114258,25.0,13
59.3467079569207,18.0745039880444,235.961669921875,25.0,13
59.3467009580315,18.07447926143,240.644821166992,25.0,13
59.3466927018569,18.0744539480825,234.612762451172,25.0,13
59.346683691311,18.0744280480017,212.144927978516,25.0,13
59.3466748064937,18.0744008906354,233.997940063477,25.0,13
59.3466642033861,18.0743735656311,242.292190551758,25.0,13
59.3466521753551,18.0743463244457,241.508804321289,25.0,13
59.3466401054145,18.0743164010514,249.626907348633,25.0,13
59.3466284964786,18.0742853041907,255.353942871094,25.0,13
59.3466177257331,18.0742581468244,238.908950805664,25.0,13
59.3466077093588,18.0742331687529,251.892532348633,25.0,13
59.3465974834369,18.0742098670621,255.147659301758,25.0,13
59.3465876347007,18.0741865653713,248.890365600586,25.0,13
59.3465781212406,18.074164604785,232.691452026367,25.0,13
59.3465687754185,18.0741449911316,248.13200378418,25.0,13
59.3465586752252,18.0741201806982,256.319183349609,25.0,14
59.3465485331224,18.074090508761,251.536972045898,25.0,14
59.3465390196623,18.074058992805,253.129486083984,25.0,14
59.3465310568543,18.0740280635823,244.919845581055,25.0,14
59.3465242675127,18.0739991460164,284.072784423828,25.0,14
59.3465199927421,18.073971737193,266.600036621094,25.0,14
59.3465165980713,18.0739408917893,272.664825439453,25.0,14
59.3465136644052,18.0739091243763,275.888977050781,25.0,14
59.3465134129481,18.0738807935436,275.768463134766,25.0,14
59.3465130357624,18.0738525465299,264.781555175781,25.0,14
59.3465138739528,18.0738229584117,296.746917724609,25.0,14
59.3465155503334,18.0737924482842,303.294555664062,25.0,14
59.3465174781711,18.073762860166,341.788208007812,25.0,14
59.3465223815845,18.0737362895329,299.544738769531,25.0,14
59.3465294642927,18.0737133231182,272.168212890625,25.0,14
59.3465378042863,18.0736921169032,268.733673095703,25.0,14
59.3465459347324,18.073673173802,272.643280029297,25.0,14
59.3465526821644,18.0736521352251,285.260833740234,25.0,14
59.346558088492,18.0736258160491,277.145751953125,25.0,14
59.3465629080863,18.0735974852164,298.714660644531,25.0,14
59.3465673924045,18.0735706631263,305.472808837891,25.0,14
59.3465729244606,18.0735457688738,300.199645996094,25.0,14
59.3465767801361,18.0735210422595,294.201385498047,25.0,14
59.3465794204356,18.0734976567496,264.459075927734,25.0,14
59.3465795880736,18.0734699126501,274.475463867188,25.0,14
59.346579294707,18.0734403245319,268.746704101562,25.0,14
59.3465776183264,18.0734093953092,273.073913574219,25.0,14
59.346575229484,18.0733856745233,271.282867431641,25.0,14
59.346575229484,18.0733856745233,267.953399658203,25.0,14
59.3465685239614,18.0733648874034,280.923614501953,25.0,14
59.3465686077805,18.0733445193787,279.928680419922,25.0,14
59.3465704517992,18.0733167752792,282.477111816406,25.0,14
59.3465716671751,18.0732874386181,266.610565185547,25.0,14
59.3465716252656,18.0732561741193,274.796417236328,25.0,15
59.3465698650659,18.0732276756485,269.223937988281,25.0,15
59.346568817328,18.0732006021012,294.234313964844,25.0,15
59.3465699069755,18.0731774680485,350.362396240234,25.0,15
59.3465746008412,18.0731619615276,31.0392646789551,25.0,15
59.3465847429441,18.0731538310815,11.3633546829224,25.0,15
59.3465982378082,18.0731546692719,28.4690818786621,25.0,15
59.3466090504633,18.073160368966,77.3631134033203,25.0,15
59.3466218747751,18.0731670744885,29.8234481811523,25.0,15
59.3466338189871,18.0731729418208,3.14011478424072,25.0,15
59.3466446316422,18.0731756240298,3.3616418838501,25.0,15
59.3466547737451,18.0731798988004,71.2389602661133,25.0,15
59.3466547737451,18.0731798988004,44.1402473449707,25.0,15
59.3466645386623,18.0731892027129,352.596038818359,25.0,15
59.3466737587558,18.0731937289406,304.459899902344,25.0,15
59.3466845714108,18.0731941480358,297.505615234375,25.0,15
59.3466962641658,18.0731940642168,2.37046146392822,25.0,15
59.3467086693825,18.0731980875303,33.7724952697754,25.0,15
59.346722038518,18.0732087325473,26.536808013916,25.0,15
59.3467356591107,18.0732233170588,23.3385620117188,25.0,15
59.3467506627174,18.0732398294081,22.5701446533203,25.0,15
59.3467674684332,18.0732559226622,27.5625343322754,25.0,15
